<annotation>
	<folder>invoice_template</folder>
	<filename>invoice_template_1_output_7.jpg</filename>
	<path>C:\Users\Yenmin\Documents\Project\AIInvoice\invoice_jpg_output\1698249175\invoice_template_1_output_7.jpg</path>
	<source>
		<database>Unknown</database>
	</source>
	<size>
		<width>794</width>
		<height>1123</height>
		<depth>3</depth>
	</size>
	<segmented>0</segmented>
	<object>
		<name>company_name</name>
		<pose>Unspecified</pose>
		<truncated>0</truncated>
		<difficult>0</difficult>
		<bndbox>
			<xmin>61</xmin>
			<ymin>159</ymin>
			<xmax>356</xmax>
			<ymax>192</ymax>
		</bndbox>
	</object>
	<object>
		<name>company_address</name>
		<pose>Unspecified</pose>
		<truncated>0</truncated>
		<difficult>0</difficult>
		<bndbox>
			<xmin>63</xmin>
			<ymin>187</ymin>
			<xmax>359</xmax>
			<ymax>274</ymax>
		</bndbox>
	</object>
	<object>
		<name>client_details</name>
		<pose>Unspecified</pose>
		<truncated>0</truncated>
		<difficult>0</difficult>
		<bndbox>
			<xmin>67</xmin>
			<ymin>283</ymin>
			<xmax>372</xmax>
			<ymax>427</ymax>
		</bndbox>
	</object>
	<object>
		<name>invoice_number</name>
		<pose>Unspecified</pose>
		<truncated>0</truncated>
		<difficult>0</difficult>
		<bndbox>
			<xmin>440</xmin>
			<ymin>225</ymin>
			<xmax>608</xmax>
			<ymax>274</ymax>
		</bndbox>
	</object>
	<object>
		<name>date</name>
		<pose>Unspecified</pose>
		<truncated>0</truncated>
		<difficult>0</difficult>
		<bndbox>
			<xmin>598</xmin>
			<ymin>224</ymin>
			<xmax>744</xmax>
			<ymax>274</ymax>
		</bndbox>
	</object>
	<object>
		<name>gstin</name>
		<pose>Unspecified</pose>
		<truncated>0</truncated>
		<difficult>0</difficult>
		<bndbox>
			<xmin>436</xmin>
			<ymin>271</ymin>
			<xmax>614</xmax>
			<ymax>332</ymax>
		</bndbox>
	</object>
	<object>
		<name>terms</name>
		<pose>Unspecified</pose>
		<truncated>0</truncated>
		<difficult>0</difficult>
		<bndbox>
			<xmin>602</xmin>
			<ymin>280</ymin>
			<xmax>749</xmax>
			<ymax>334</ymax>
		</bndbox>
	</object>
	<object>
		<name>contact_details</name>
		<pose>Unspecified</pose>
		<truncated>0</truncated>
		<difficult>0</difficult>
		<bndbox>
			<xmin>67</xmin>
			<ymin>853</ymin>
			<xmax>725</xmax>
			<ymax>891</ymax>
		</bndbox>
	</object>
	<object>
		<name>sub_total</name>
		<pose>Unspecified</pose>
		<truncated>0</truncated>
		<difficult>0</difficult>
		<bndbox>
			<xmin>435</xmin>
			<ymin>727</ymin>
			<xmax>720</xmax>
			<ymax>754</ymax>
		</bndbox>
	</object>
	<object>
		<name>tax_rate</name>
		<pose>Unspecified</pose>
		<truncated>0</truncated>
		<difficult>0</difficult>
		<bndbox>
			<xmin>435</xmin>
			<ymin>754</ymin>
			<xmax>723</xmax>
			<ymax>774</ymax>
		</bndbox>
	</object>
	<object>
		<name>total_tax</name>
		<pose>Unspecified</pose>
		<truncated>0</truncated>
		<difficult>0</difficult>
		<bndbox>
			<xmin>432</xmin>
			<ymin>772</ymin>
			<xmax>720</xmax>
			<ymax>794</ymax>
		</bndbox>
	</object>
	<object>
		<name>total</name>
		<pose>Unspecified</pose>
		<truncated>0</truncated>
		<difficult>0</difficult>
		<bndbox>
			<xmin>431</xmin>
			<ymin>796</ymin>
			<xmax>723</xmax>
			<ymax>822</ymax>
		</bndbox>
	</object>
	<object>
		<name>table_header</name>
		<pose>Unspecified</pose>
		<truncated>0</truncated>
		<difficult>0</difficult>
		<bndbox>
			<xmin>65</xmin>
			<ymin>436</ymin>
			<xmax>726</xmax>
			<ymax>461</ymax>
		</bndbox>
	</object>
	<object>
		<name>table_row</name>
		<pose>Unspecified</pose>
		<truncated>0</truncated>
		<difficult>0</difficult>
		<bndbox>
			<xmin>64</xmin>
			<ymin>459</ymin>
			<xmax>723</xmax>
			<ymax>480</ymax>
		</bndbox>
	</object>
	<object>
		<name>table_row</name>
		<pose>Unspecified</pose>
		<truncated>0</truncated>
		<difficult>0</difficult>
		<bndbox>
			<xmin>67</xmin>
			<ymin>478</ymin>
			<xmax>720</xmax>
			<ymax>496</ymax>
		</bndbox>
	</object>
	<object>
		<name>table_row</name>
		<pose>Unspecified</pose>
		<truncated>0</truncated>
		<difficult>0</difficult>
		<bndbox>
			<xmin>67</xmin>
			<ymin>493</ymin>
			<xmax>723</xmax>
			<ymax>516</ymax>
		</bndbox>
	</object>
	<object>
		<name>table_row</name>
		<pose>Unspecified</pose>
		<truncated>0</truncated>
		<difficult>0</difficult>
		<bndbox>
			<xmin>67</xmin>
			<ymin>514</ymin>
			<xmax>723</xmax>
			<ymax>533</ymax>
		</bndbox>
	</object>
	<object>
		<name>table_row</name>
		<pose>Unspecified</pose>
		<truncated>0</truncated>
		<difficult>0</difficult>
		<bndbox>
			<xmin>65</xmin>
			<ymin>533</ymin>
			<xmax>718</xmax>
			<ymax>550</ymax>
		</bndbox>
	</object>
	<object>
		<name>table_row</name>
		<pose>Unspecified</pose>
		<truncated>0</truncated>
		<difficult>0</difficult>
		<bndbox>
			<xmin>64</xmin>
			<ymin>550</ymin>
			<xmax>721</xmax>
			<ymax>571</ymax>
		</bndbox>
	</object>
	<object>
		<name>table_row</name>
		<pose>Unspecified</pose>
		<truncated>0</truncated>
		<difficult>0</difficult>
		<bndbox>
			<xmin>65</xmin>
			<ymin>570</ymin>
			<xmax>720</xmax>
			<ymax>590</ymax>
		</bndbox>
	</object>
	<object>
		<name>table_column</name>
		<pose>Unspecified</pose>
		<truncated>0</truncated>
		<difficult>0</difficult>
		<bndbox>
			<xmin>67</xmin>
			<ymin>436</ymin>
			<xmax>348</xmax>
			<ymax>735</ymax>
		</bndbox>
	</object>
	<object>
		<name>table_column</name>
		<pose>Unspecified</pose>
		<truncated>0</truncated>
		<difficult>0</difficult>
		<bndbox>
			<xmin>345</xmin>
			<ymin>436</ymin>
			<xmax>439</xmax>
			<ymax>738</ymax>
		</bndbox>
	</object>
	<object>
		<name>table_column</name>
		<pose>Unspecified</pose>
		<truncated>0</truncated>
		<difficult>0</difficult>
		<bndbox>
			<xmin>437</xmin>
			<ymin>436</ymin>
			<xmax>530</xmax>
			<ymax>736</ymax>
		</bndbox>
	</object>
	<object>
		<name>table_column</name>
		<pose>Unspecified</pose>
		<truncated>0</truncated>
		<difficult>0</difficult>
		<bndbox>
			<xmin>529</xmin>
			<ymin>439</ymin>
			<xmax>624</xmax>
			<ymax>736</ymax>
		</bndbox>
	</object>
	<object>
		<name>table_column</name>
		<pose>Unspecified</pose>
		<truncated>0</truncated>
		<difficult>0</difficult>
		<bndbox>
			<xmin>621</xmin>
			<ymin>436</ymin>
			<xmax>725</xmax>
			<ymax>736</ymax>
		</bndbox>
	</object>
	<object>
		<name>table</name>
		<pose>Unspecified</pose>
		<truncated>0</truncated>
		<difficult>0</difficult>
		<bndbox>
			<xmin>64</xmin>
			<ymin>434</ymin>
			<xmax>722</xmax>
			<ymax>737</ymax>
		</bndbox>
	</object>
</annotation>